[
  {
    "id": 1,
    "name": "Tanis Half-Elven",
    "race": "Half-Elf",
    "class": "Ranger",
    "alignment": "Neutral Good",
    "description": "Leader of the Heroes of the Lance, struggling with his dual heritage",
    "stats": {
      "strength": 15,
      "dexterity": 14,
      "constitution": 14,
      "intelligence": 13,
      "wisdom": 16,
      "charisma": 15
    }
  },
  {
    "id": 2,
    "name": "Raistlin Majere",
    "race": "Human",
    "class": "Wizard",
    "alignment": "Neutral Evil",
    "description": "Ambitious mage with hourglass eyes and golden skin, Master of Past and Present",
    "stats": {
      "strength": 8,
      "dexterity": 10,
      "constitution": 10,
      "intelligence": 18,
      "wisdom": 16,
      "charisma": 10
    }
  },
  {
    "id": 3,
    "name": "Caramon Majere",
    "race": "Human",
    "class": "Fighter",
    "alignment": "Neutral Good",
    "description": "Raistlin's twin brother, strong and loyal warrior",
    "stats": {
      "strength": 18,
      "dexterity": 14,
      "constitution": 17,
      "intelligence": 10,
      "wisdom": 12,
      "charisma": 14
    }
  },
  {
    "id": 4,
    "name": "Sturm Brightblade",
    "race": "Human",
    "class": "Fighter",
    "alignment": "Lawful Good",
    "description": "Noble Knight of Solamnia, dedicated to the Oath and the Measure",
    "stats": {
      "strength": 17,
      "dexterity": 12,
      "constitution": 15,
      "intelligence": 12,
      "wisdom": 14,
      "charisma": 16
    }
  },
  {
    "id": 5,
    "name": "Tasslehoff Burrfoot",
    "race": "Halfling",
    "class": "Rogue",
    "alignment": "Neutral Good",
    "description": "Curious and fearless kender with a talent for 'finding' things",
    "stats": {
      "strength": 10,
      "dexterity": 18,
      "constitution": 12,
      "intelligence": 13,
      "wisdom": 8,
      "charisma": 14
    }
  },
  {
    "id": 6,
    "name": "Flint Fireforge",
    "race": "Dwarf",
    "class": "Fighter",
    "alignment": "Neutral Good",
    "description": "Grumpy but kind-hearted dwarven weaponsmith",
    "stats": {
      "strength": 16,
      "dexterity": 11,
      "constitution": 17,
      "intelligence": 11,
      "wisdom": 13,
      "charisma": 10
    }
  },
  {
    "id": 7,
    "name": "Goldmoon",
    "race": "Human",
    "class": "Cleric",
    "alignment": "Lawful Good",
    "description": "Chieftain's daughter and first true cleric of Mishakal in centuries",
    "stats": {
      "strength": 12,
      "dexterity": 13,
      "constitution": 14,
      "intelligence": 13,
      "wisdom": 18,
      "charisma": 16
    }
  },
  {
    "id": 8,
    "name": "Riverwind",
    "race": "Human",
    "class": "Ranger",
    "alignment": "Lawful Good",
    "description": "Plainsman warrior and Goldmoon's devoted husband",
    "stats": {
      "strength": 17,
      "dexterity": 15,
      "constitution": 16,
      "intelligence": 11,
      "wisdom": 14,
      "charisma": 12
    }
  },
  {
    "id": 9,
    "name": "Kitiara Uth Matar",
    "race": "Human",
    "class": "Fighter",
    "alignment": "Lawful Evil",
    "description": "Dragon Highlord and half-sister to Caramon and Raistlin",
    "stats": {
      "strength": 16,
      "dexterity": 16,
      "constitution": 14,
      "intelligence": 14,
      "wisdom": 12,
      "charisma": 15
    }
  },
  {
    "id": 10,
    "name": "Laurana Kanan",
    "race": "Elf",
    "class": "Fighter",
    "alignment": "Lawful Good",
    "description": "Elven princess who becomes the Golden General",
    "stats": {
      "strength": 14,
      "dexterity": 16,
      "constitution": 13,
      "intelligence": 14,
      "wisdom": 15,
      "charisma": 17
    }
  },
  {
    "id": 11,
    "name": "Fizban",
    "race": "Human",
    "class": "Wizard",
    "alignment": "Chaotic Good",
    "description": "Seemingly absent-minded wizard, actually Paladine in disguise",
    "stats": {
      "strength": 10,
      "dexterity": 12,
      "constitution": 14,
      "intelligence": 20,
      "wisdom": 20,
      "charisma": 18
    }
  },
  {
    "id": 12,
    "name": "Tika Waylan",
    "race": "Human",
    "class": "Fighter",
    "alignment": "Neutral Good",
    "description": "Former barmaid who became a skilled warrior",
    "stats": {
      "strength": 14,
      "dexterity": 15,
      "constitution": 15,
      "intelligence": 11,
      "wisdom": 13,
      "charisma": 14
    }
  }
]
